fecha,produccion_bpd
2024-01-01,1211.0
2024-01-02,1159.7
2024-01-03,1220.9
2024-01-04,1224.7
2024-01-05,1118.5
2024-01-06,1138.8
2024-01-07,1186.7
2024-01-08,1168.1
2024-01-09,1175.8
2024-01-10,1143.4
2024-01-11,1201.4
2024-01-12,1194.9
2024-01-13,1167.1
2024-01-14,1201.2
2024-01-15,1175.3
2024-01-16,1126.4
2024-01-17,1166.2
2024-01-18,1117.5
2024-01-19,1178.0
2024-01-20,1143.3
2024-01-21,1135.8
2024-01-22,1116.1
2024-01-23,1178.3
2024-01-24,1128.6
2024-01-25,1116.6
2024-01-26,1116.5
2024-01-27,1143.6
2024-01-28,1135.2
2024-01-29,1134.1
2024-01-30,1132.0
2024-01-31,1186.4
2024-02-01,1098.6
2024-02-02,1092.4
2024-02-03,1079.8
2024-02-04,1124.6
2024-02-05,1138.8
2024-02-06,1095.1
2024-02-07,1068.6
2024-02-08,1066.6
2024-02-09,1112.3
2024-02-10,1112.7
2024-02-11,1103.5
2024-02-12,1061.6
2024-02-13,1088.2
2024-02-14,1081.9
2024-02-15,1082.6
2024-02-16,1101.1
2024-02-17,1077.7
2024-02-18,1089.7
2024-02-19,1067.6
2024-02-20,1072.2
2024-02-21,1080.6
2024-02-22,1011.7
2024-02-23,1045.4
2024-02-24,1038.2
2024-02-25,1030.4
2024-02-26,1039.5
2024-02-27,1092.6
2024-02-28,1016.1
2024-02-29,1071.1
2024-03-01,986.0
2024-03-02,1025.6
2024-03-03,1038.6
2024-03-04,1049.3
2024-03-05,1050.8
2024-03-06,1050.9
2024-03-07,1013.3
2024-03-08,1007.5
2024-03-09,1045.6
2024-03-10,1011.2
2024-03-11,975.8
2024-03-12,977.9
2024-03-13,982.2
2024-03-14,1022.7
2024-03-15,1009.7
2024-03-16,1023.9
2024-03-17,988.0
2024-03-18,1003.3
2024-03-19,1015.0
2024-03-20,984.8
2024-03-21,1005.3
2024-03-22,969.8
2024-03-23,976.5
2024-03-24,973.7
2024-03-25,947.5
2024-03-26,994.9
2024-03-27,964.6
2024-03-28,976.5
2024-03-29,988.0
2024-03-30,984.8
2024-03-31,988.9
2024-04-01,964.5
2024-04-02,953.0
2024-04-03,960.8
2024-04-04,912.3
2024-04-05,321.0
2024-04-06,918.7
2024-04-07,925.9
2024-04-08,963.8
2024-04-09,924.4
2024-04-10,937.4
2024-04-11,982.9
2024-04-12,933.9
2024-04-13,962.7
2024-04-14,913.5
2024-04-15,931.9
2024-04-16,909.0
2024-04-17,924.1
2024-04-18,955.0
2024-04-19,881.3
2024-04-20,939.5
2024-04-21,932.0
2024-04-22,906.9
2024-04-23,881.4
2024-04-24,921.3
2024-04-25,902.7
2024-04-26,921.7
2024-04-27,913.9
2024-04-28,955.1
2024-04-29,902.8
2024-04-30,879.5
2024-05-01,910.3
2024-05-02,909.4
2024-05-03,938.2
2024-05-04,922.1
2024-05-05,907.2
2024-05-06,935.0
2024-05-07,861.8
2024-05-08,874.7
2024-05-09,865.1
2024-05-10,877.6
2024-05-11,849.5
2024-05-12,901.0
2024-05-13,876.4
2024-05-14,841.5
2024-05-15,851.7
2024-05-16,884.9
2024-05-17,896.7
2024-05-18,925.2
2024-05-19,947.2
2024-05-20,880.0
2024-05-21,841.6
2024-05-22,810.1
2024-05-23,870.6
2024-05-24,840.8
2024-05-25,849.3
2024-05-26,842.4
2024-05-27,852.8
2024-05-28,881.9
2024-05-29,856.8
2024-05-30,
2024-05-31,
2024-06-01,804.8
2024-06-02,833.3
2024-06-03,842.5
2024-06-04,886.7
2024-06-05,843.6
2024-06-06,863.3
2024-06-07,824.3
2024-06-08,805.4
2024-06-09,809.2
2024-06-10,813.5
2024-06-11,882.9
2024-06-12,807.7
2024-06-13,847.2
2024-06-14,802.4
2024-06-15,846.0
2024-06-16,830.8
2024-06-17,815.8
2024-06-18,816.9
2024-06-19,800.2
2024-06-20,825.5
2024-06-21,801.8
2024-06-22,781.4
2024-06-23,778.5
2024-06-24,812.1
2024-06-25,844.4
2024-06-26,808.4
2024-06-27,800.1
2024-06-28,808.2
2024-06-29,831.0
2024-06-30,803.3
2024-07-01,786.6
2024-07-02,821.2
2024-07-03,803.4
2024-07-04,828.0
2024-07-05,794.3
2024-07-06,759.4
2024-07-07,754.5
2024-07-08,824.1
2024-07-09,824.1
2024-07-10,777.8
2024-07-11,771.5
2024-07-12,813.0
2024-07-13,751.5
2024-07-14,754.9
2024-07-15,789.1
2024-07-16,763.5
2024-07-17,771.0
2024-07-18,765.8
2024-07-19,775.8
2024-07-20,798.8
2024-07-21,767.0
2024-07-22,778.2
2024-07-23,715.0
2024-07-24,759.3
2024-07-25,739.7
2024-07-26,729.7
2024-07-27,735.9
2024-07-28,746.8
2024-07-29,0.0
2024-07-30,0.0
2024-07-31,0.0
2024-08-01,0.0
2024-08-02,0.0
2024-08-03,0.0
2024-08-04,0.0
2024-08-05,965.4
2024-08-06,848.3
2024-08-07,760.4
2024-08-08,733.2
2024-08-09,742.1
2024-08-10,739.2
2024-08-11,710.0
2024-08-12,734.4
2024-08-13,736.0
2024-08-14,784.7
2024-08-15,769.1
2024-08-16,708.1
2024-08-17,719.1
2024-08-18,692.1
2024-08-19,709.7
2024-08-20,727.9
2024-08-21,745.8
2024-08-22,702.6
2024-08-23,702.9
2024-08-24,669.5
2024-08-25,710.7
2024-08-26,690.1
2024-08-27,700.1
2024-08-28,691.4
2024-08-29,706.7
2024-08-30,670.0
2024-08-31,674.9
2024-09-01,749.6
2024-09-02,676.1
2024-09-03,678.8
2024-09-04,739.2
2024-09-05,760.2
2024-09-06,673.4
2024-09-07,688.9
2024-09-08,702.4
2024-09-09,729.9
2024-09-10,672.1
2024-09-11,686.2
2024-09-12,706.1
2024-09-13,697.7
2024-09-14,679.6
2024-09-15,683.3
2024-09-16,656.6
2024-09-17,678.6
2024-09-18,676.8
2024-09-19,685.7
2024-09-20,668.3
2024-09-21,688.0
2024-09-22,697.7
2024-09-23,679.0
2024-09-24,681.7
2024-09-25,674.4
2024-09-26,672.1
2024-09-27,656.3
2024-09-28,675.9
2024-09-29,666.3
2024-09-30,708.9
2024-10-01,697.2
2024-10-02,672.3
2024-10-03,648.2
2024-10-04,640.0
2024-10-05,684.5
2024-10-06,664.9
2024-10-07,667.9
2024-10-08,622.8
2024-10-09,674.3
2024-10-10,663.7
2024-10-11,631.8
2024-10-12,643.2
2024-10-13,656.3
2024-10-14,651.0
2024-10-15,643.1
2024-10-16,645.6
2024-10-17,641.5
2024-10-18,648.2
2024-10-19,672.5
2024-10-20,593.4
2024-10-21,637.1
2024-10-22,643.9
2024-10-23,645.0
2024-10-24,631.1
2024-10-25,603.5
2024-10-26,642.1
2024-10-27,667.6
2024-10-28,604.4
2024-10-29,648.8
2024-10-30,625.0
2024-10-31,629.0
2024-11-01,609.1
2024-11-02,621.5
2024-11-03,651.2
2024-11-04,636.5
2024-11-05,656.9
2024-11-06,645.3
2024-11-07,630.4
2024-11-08,653.6
2024-11-09,628.1
2024-11-10,634.2
2024-11-11,612.3
2024-11-12,617.9
2024-11-13,602.7
2024-11-14,632.7
2024-11-15,591.7
2024-11-16,626.6
2024-11-17,607.7
2024-11-18,631.5
2024-11-19,622.7
2024-11-20,641.1
2024-11-21,620.1
2024-11-22,577.2
2024-11-23,603.4
2024-11-24,582.4
2024-11-25,593.2
2024-11-26,1006.0
2024-11-27,611.9
2024-11-28,586.8
2024-11-29,580.1
2024-11-30,597.8
2024-12-01,574.4
2024-12-02,583.1
2024-12-03,599.6
2024-12-04,613.6
2024-12-05,602.8
2024-12-06,550.3
2024-12-07,595.3
2024-12-08,590.2
2024-12-09,595.2
2024-12-10,615.3
2024-12-11,549.5
2024-12-12,574.4
2024-12-13,594.1
2024-12-14,555.1
2024-12-15,607.5
2024-12-16,587.1
2024-12-17,594.4
2024-12-18,568.8
2024-12-19,591.8
2024-12-20,595.2
2024-12-21,579.7
2024-12-22,578.7
2024-12-23,578.4
2024-12-24,557.9
2024-12-25,569.2
2024-12-26,568.1
2024-12-27,576.3
2024-12-28,585.8
2024-12-29,549.8
2024-12-30,564.7
2024-12-31,591.0
2025-01-01,552.3
2025-01-02,550.0
2025-01-03,566.4
2025-01-04,576.2
2025-01-05,561.2
2025-01-06,582.4
2025-01-07,573.5
2025-01-08,572.3
2025-01-09,566.5
2025-01-10,595.1
2025-01-11,551.9
2025-01-12,521.1
2025-01-13,580.1
2025-01-14,544.9
2025-01-15,553.4
2025-01-16,572.3
2025-01-17,523.3
2025-01-18,528.2
2025-01-19,521.5
2025-01-20,533.9
2025-01-21,553.2
2025-01-22,553.7
2025-01-23,548.7
2025-01-24,520.2
2025-01-25,504.7
2025-01-26,542.3
2025-01-27,532.9
2025-01-28,547.0
2025-01-29,550.1
2025-01-30,540.0
2025-01-31,549.2
2025-02-01,539.7
2025-02-02,543.6
2025-02-03,522.9
2025-02-04,530.5
2025-02-05,530.4
2025-02-06,534.1
2025-02-07,509.2
2025-02-08,517.3
2025-02-09,499.4
2025-02-10,495.7
2025-02-11,503.8
2025-02-12,456.6
2025-02-13,461.1
2025-02-14,452.8
2025-02-15,435.3
2025-02-16,452.8
2025-02-17,466.7
2025-02-18,446.8
2025-02-19,447.5
2025-02-20,453.5
2025-02-21,450.7
2025-02-22,426.8
2025-02-23,439.2
2025-02-24,417.5
2025-02-25,400.4
2025-02-26,397.8
2025-02-27,381.7
2025-02-28,383.3
2025-03-01,384.1
2025-03-02,391.9
2025-03-03,396.6
2025-03-04,356.2
2025-03-05,370.4
2025-03-06,354.1
2025-03-07,370.1
2025-03-08,362.9
2025-03-09,343.7
2025-03-10,373.2
2025-03-11,356.0
2025-03-12,356.2
2025-03-13,349.8
2025-03-14,353.7
2025-03-15,364.8
2025-03-16,357.6
2025-03-17,362.6
2025-03-18,362.4
2025-03-19,372.1
2025-03-20,353.6
2025-03-21,340.9
2025-03-22,403.3
2025-03-23,420.5
2025-03-24,473.9
2025-03-25,498.0
2025-03-26,489.6
2025-03-27,495.9
2025-03-28,518.6
2025-03-29,519.6
2025-03-30,489.4
2025-03-31,490.0
2025-04-01,502.6
2025-04-02,473.7
2025-04-03,490.1
2025-04-04,484.1
2025-04-05,488.3
2025-04-06,470.9
2025-04-07,459.2
2025-04-08,451.5
2025-04-09,464.6
2025-04-10,473.3
2025-04-11,475.0
2025-04-12,506.2
2025-04-13,493.5
2025-04-14,463.1
2025-04-15,481.1
2025-04-16,469.6
2025-04-17,470.6
2025-04-18,476.6
2025-04-19,482.0
2025-04-20,467.6
2025-04-21,486.7
2025-04-22,454.8
2025-04-23,470.3
2025-04-24,506.1
2025-04-25,
2025-04-26,488.1
2025-04-27,468.6
2025-04-28,474.7
2025-04-29,465.0
2025-04-30,462.7
2025-05-01,453.5
2025-05-02,469.7
2025-05-03,451.1
2025-05-04,471.5
2025-05-05,476.5
2025-05-06,465.9
2025-05-07,456.1
2025-05-08,465.6
2025-05-09,454.4
2025-05-10,470.8
2025-05-11,432.1
2025-05-12,451.9
2025-05-13,428.6
2025-05-14,434.7
2025-05-15,473.0
2025-05-16,465.9
2025-05-17,443.3
2025-05-18,432.0
2025-05-19,411.5
2025-05-20,443.6
2025-05-21,483.0
2025-05-22,455.4
2025-05-23,441.4
2025-05-24,454.5
2025-05-25,426.6
2025-05-26,442.9
2025-05-27,447.5
2025-05-28,444.3
2025-05-29,455.4
2025-05-30,448.7
2025-05-31,452.3
2025-06-01,433.6
2025-06-02,454.0
2025-06-03,463.0
2025-06-04,-15.0
2025-06-05,428.4
2025-06-06,457.0
2025-06-07,436.3
2025-06-08,456.6
2025-06-09,431.6
2025-06-10,455.9
2025-06-11,437.9
2025-06-12,438.9
2025-06-13,455.2
2025-06-14,429.5
2025-06-15,421.3
2025-06-16,427.0
2025-06-17,438.1
2025-06-18,411.3
2025-06-19,439.2
2025-06-20,423.3
2025-06-21,444.4
2025-06-22,398.2
2025-06-23,418.2
2025-06-24,406.1
2025-06-25,416.5
2025-06-26,429.6
2025-06-27,423.5
2025-06-28,421.9
2025-06-29,422.5
2025-06-30,426.5
2025-07-01,410.5
2025-07-02,431.6
2025-07-03,430.4
2025-07-04,426.3
2025-07-05,427.8
2025-07-06,423.9
2025-07-07,445.1
2025-07-08,417.8
2025-07-09,414.4
2025-07-10,408.2
2025-07-11,404.1
2025-07-12,400.9
2025-07-13,404.7
2025-07-14,414.3
2025-07-15,418.8
2025-07-16,414.6
2025-07-17,403.9
2025-07-18,423.9
2025-07-19,421.3
2025-07-20,409.6
2025-07-21,402.9
2025-07-22,417.1
2025-07-23,412.1
2025-07-24,391.4
2025-07-25,407.8
2025-07-26,411.2
2025-07-27,396.4
2025-07-28,409.1
2025-07-29,388.5
2025-07-30,421.9
2025-07-31,420.2
2025-08-01,401.4
2025-08-02,408.3
2025-08-03,374.1
2025-08-04,388.7
2025-08-05,398.6
2025-08-06,388.6
2025-08-07,409.5
2025-08-08,424.4
2025-08-09,385.7
2025-08-10,389.2
2025-08-11,401.5
2025-08-12,417.3
2025-08-13,382.9
2025-08-14,399.9
2025-08-15,418.0
2025-08-16,376.2
2025-08-17,380.0
2025-08-18,389.6
2025-08-19,387.9
2025-08-20,403.1
2025-08-21,395.8
2025-08-22,371.5
2025-08-23,198.9
2025-08-24,384.5
2025-08-25,405.7
2025-08-26,382.8
2025-08-27,382.2
2025-08-28,395.4
2025-08-29,397.4
2025-08-30,393.2
2025-08-31,367.8
2025-09-01,393.1
2025-09-02,374.3
2025-09-03,388.5
2025-09-04,368.8
2025-09-05,389.8
2025-09-06,374.8
2025-09-07,368.8
2025-09-08,391.2
2025-09-09,385.3
2025-09-10,374.9
2025-09-11,398.0
2025-09-12,375.8
2025-09-13,380.7
2025-09-14,382.9
2025-09-15,372.2
2025-09-16,384.1
2025-09-17,372.2
2025-09-18,373.0
2025-09-19,392.6
2025-09-20,364.9
2025-09-21,348.9
2025-09-22,393.7
2025-09-23,403.7
2025-09-24,370.0
2025-09-25,352.3
2025-09-26,370.0
2025-09-27,369.8
2025-09-28,370.3
2025-09-29,359.5
2025-09-30,377.9
2025-10-01,376.7
2025-10-02,353.8
2025-10-03,377.6
2025-10-04,392.1
2025-10-05,370.7
2025-10-06,364.6
2025-10-07,366.2
2025-10-08,374.1
2025-10-09,347.8
2025-10-10,368.1
2025-10-11,361.5
2025-10-12,385.5
2025-10-13,362.9
2025-10-14,382.5
2025-10-15,351.7
2025-10-16,369.7
2025-10-17,366.2
2025-10-18,352.8
2025-10-19,363.7
2025-10-20,374.4
2025-10-21,357.3
2025-10-22,342.0
2025-10-23,359.6
2025-10-24,349.6
2025-10-25,355.1
2025-10-26,357.4
2025-10-27,339.5
2025-10-28,340.0
2025-10-29,362.0
2025-10-30,350.8
2025-10-31,328.5
2025-11-01,363.8
2025-11-02,357.8
2025-11-03,346.9
2025-11-04,340.0
2025-11-05,362.3
2025-11-06,356.7
2025-11-07,377.7
2025-11-08,356.5
2025-11-09,355.7
2025-11-10,349.3
2025-11-11,359.2
2025-11-12,356.7
2025-11-13,362.8
2025-11-14,343.7
2025-11-15,344.2
2025-11-16,343.3
2025-11-17,356.0
2025-11-18,362.9
2025-11-19,342.1
2025-11-20,342.0
2025-11-21,349.2
2025-11-22,342.9
2025-11-23,354.9
2025-11-24,321.3
2025-11-25,335.5
2025-11-26,335.6
2025-11-27,319.3
2025-11-28,332.8
2025-11-29,332.8
2025-11-30,339.7
2025-12-01,352.7
2025-12-02,338.4
2025-12-03,329.9
2025-12-04,339.4
2025-12-05,350.2
2025-12-06,329.1
2025-12-07,329.4
2025-12-08,343.8
2025-12-09,335.5
2025-12-10,343.8
2025-12-11,336.7
2025-12-12,343.5
2025-12-13,325.5
2025-12-14,335.4
2025-12-15,332.9
2025-12-16,322.4
2025-12-17,318.5
2025-12-18,340.6
2025-12-19,329.8
2025-12-20,322.6
2025-12-21,331.5
2025-12-22,343.2
2025-12-23,308.9
2025-12-24,316.2
2025-12-25,321.5
2025-12-26,344.7
2025-12-27,332.6
2025-12-28,337.0
2025-12-29,317.7
2025-12-30,317.5
2025-12-31,332.5
